col1_h,col1_s,col1_v,col2_h,col2_s,col2_v,col3_h,col3_s,col3_v,col4_h,col4_s,col4_v
0.7056552303011226,0.45166052571485005,0.7447548865312572,0.30380152060824334,0.6676270508203281,0.25922368947579033,0.9552491320717813,0.49867488142389127,0.49816145909735465,0.19167658543715677,0.5622710852178997,0.6043726116644741
0.16636402240511192,0.5568735297487851,0.5400939612696231,0.9053304904051173,0.49603662360466577,0.4767172540658054,0.5360024638127503,0.6002874448208603,0.2558669541114875,0.8552594670406732,0.49061408574650056,0.47009872672771774
0.7765100481975253,0.4606668733617069,0.3963565301539878,0.3134001582695859,0.6003956739646531,0.3989536621823617,0.9040188077742083,0.49795551616754674,0.47963024506726737,0.7002308365836185,0.48279869457932023,0.3535089814004086
0.6191848129536571,0.49344763030840477,0.35324990967911457,0.35819924382308976,0.4036577859843489,0.593036138222105,0.8313469178521081,0.4792874535435089,0.46671792900166603,0.4824518042511122,0.5710446531553798,0.28490196078431373
0.22983641002551403,0.5012474508038245,0.5119562818373635,0.8657175491555846,0.4894155720540644,0.5009491175110821,0.5589638298600417,0.44859186257399997,0.4276357663484242,0.4282698348891569,0.4853990799053106,0.4984322658448345
