col1_h,col1_s,col1_v,col2_h,col2_s,col2_v,col3_h,col3_s,col3_v,col4_h,col4_s,col4_v
0.7140370904861395,0.4500915415598682,0.7448783394720027,0.16118652589240826,0.5621489621489622,0.5082525317819435,0.9552491320717813,0.49867488142389127,0.49816145909735465,0.23909247082518809,0.5749398732302589,0.6300100704934541
0.8652192044644618,0.4930113886235082,0.4732177789909467,0.0871726122355557,0.5052218552790766,0.49482174192634254,0.2933553984253548,0.6930244220450328,0.6607341657890778,0.5372953305033353,0.598564786739438,0.257165959167172
0.8170787447070897,0.4749300746541103,0.4233557841843672,0.05142857142857143,0.5166666666666667,0.4788795518207283,0.4110423116615067,0.6843481252149982,0.17254901960784313,0.398868778280543,0.627262443438914,0.6799396681749623
0.5579744101030242,0.5221020272515786,0.3198554336989033,0.4656158873805933,0.3932730015082956,0.573614881850176,0.7717099863201095,0.45110807113543094,0.4562204416650381,0.40999000999001,0.6205363264186794,0.24728604728604728
